"","ordinalRank","cardinalRank"
"N_ILS_LS_PART_2OPT_1",1,-0.3
"N_ILS_LS_PART_2OPT_2",1,-0.3
"N_ILS_LS_PART_2OPT_3",1,-0.3
"N_ILS_LS_PART_2OPT_4",1,-0.3
"N_ILS_LS_PART_2OPT_5",1,-0.3
"N_ILS_LS_PART_2OPT_6",1,-0.3
"N_ILS_LS_PART_2OPT_7",1,-0.3
"N_ILS_LS_PART_2OPT_8",1,-0.3
"N_ILS_LS_PART_2OPT_9",1,-0.3
"N_ILS_LS_PART_2OPT_10",1,-0.3
"N_ILS_LS_PART_2OPT_11",1,-0.3
"N_ILS_LS_PART_2OPT_12",1,-0.3
"N_ILS_LS_PART_2OPT_13",1,-0.3
"N_ILS_LS_PART_2OPT_14",1,-0.3
"N_ILS_LS_PART_2OPT_15",1,-0.3
"N_ILS_LS_PART_2OPT_16",1,-0.3
"N_ILS_LS_PART_2OPT_17",1,-0.3
"N_ILS_LS_PART_2OPT_18",1,-0.3
"N_ILS_LS_PART_2OPT_19",1,-0.3
"N_ILS_LS_PART_2OPT_20",1,-0.3
